Tue Oct 19 2021,7:30p,Brooklyn Nets,104,Milwaukee Bucks,127,Box Score,,17341,Fiserv Forum,
Tue Oct 19 2021,10:00p,Golden State Warriors,121,Los Angeles Lakers,114,Box Score,,18997,Crypto.com Arena,
Wed Oct 20 2021,7:00p,Indiana Pacers,122,Charlotte Hornets,123,Box Score,,15521,Spectrum Center,
Wed Oct 20 2021,7:00p,Chicago Bulls,94,Detroit Pistons,88,Box Score,,20088,Little Caesars Arena,
Wed Oct 20 2021,7:30p,Boston Celtics,134,New York Knicks,138,Box Score,2OT,19812,Madison Square Garden (IV),
Wed Oct 20 2021,7:30p,Washington Wizards,98,Toronto Raptors,83,Box Score,,19800,Scotiabank Arena,
Wed Oct 20 2021,8:00p,Cleveland Cavaliers,121,Memphis Grizzlies,132,Box Score,,15975,FedEx Forum,
Wed Oct 20 2021,8:00p,Houston Rockets,106,Minnesota Timberwolves,124,Box Score,,16079,Target Center,
Wed Oct 20 2021,8:00p,Philadelphia 76ers,117,New Orleans Pelicans,97,Box Score,,12845,Smoothie King Center,
Wed Oct 20 2021,8:30p,Orlando Magic,97,San Antonio Spurs,123,Box Score,,16697,AT&T Center,
Wed Oct 20 2021,9:00p,Oklahoma City Thunder,86,Utah Jazz,107,Box Score,,18306,Vivint Smart Home Arena,
Wed Oct 20 2021,10:00p,Sacramento Kings,124,Portland Trail Blazers,121,Box Score,,17467,Moda Center,
Wed Oct 20 2021,10:00p,Denver Nuggets,110,Phoenix Suns,98,Box Score,,16074,Phoenix Suns Arena,
Thu Oct 21 2021,7:30p,Dallas Mavericks,87,Atlanta Hawks,113,Box Score,,17162,State Farm Arena,
Thu Oct 21 2021,8:00p,Milwaukee Bucks,95,Miami Heat,137,Box Score,,19600,FTX Arena,
Thu Oct 21 2021,10:00p,Los Angeles Clippers,113,Golden State Warriors,115,Box Score,,18064,Chase Center,
Fri Oct 22 2021,7:00p,New York Knicks,121,Orlando Magic,96,Box Score,,18846,Amway Center,
Fri Oct 22 2021,7:00p,Indiana Pacers,134,Washington Wizards,135,Box Score,OT,15407,Capital One Arena,
Fri Oct 22 2021,7:00p,Charlotte Hornets,123,Cleveland Cavaliers,112,Box Score,,17116,Rocket Mortgage Fieldhouse,
Fri Oct 22 2021,7:30p,Toronto Raptors,115,Boston Celtics,83,Box Score,,19156,TD Garden,
Fri Oct 22 2021,7:30p,Brooklyn Nets,114,Philadelphia 76ers,109,Box Score,,20367,Wells Fargo Center,
Fri Oct 22 2021,8:00p,Oklahoma City Thunder,91,Houston Rockets,124,Box Score,,15674,Toyota Center,
Fri Oct 22 2021,8:00p,New Orleans Pelicans,112,Chicago Bulls,128,Box Score,,20995,United Center,
Fri Oct 22 2021,9:00p,San Antonio Spurs,96,Denver Nuggets,102,Box Score,,19520,Ball Arena,
Fri Oct 22 2021,10:00p,Phoenix Suns,115,Los Angeles Lakers,105,Box Score,,18997,Crypto.com Arena,
Fri Oct 22 2021,10:00p,Utah Jazz,110,Sacramento Kings,101,Box Score,,17583,Golden 1 Center,
Sat Oct 23 2021,6:00p,Atlanta Hawks,95,Cleveland Cavaliers,101,Box Score,,16846,Rocket Mortgage Fieldhouse,
Sat Oct 23 2021,7:00p,Miami Heat,91,Indiana Pacers,102,Box Score,OT,17147,Gainbridge Fieldhouse,
Sat Oct 23 2021,7:30p,Dallas Mavericks,103,Toronto Raptors,95,Box Score,,19800,Scotiabank Arena,
Sat Oct 23 2021,8:00p,Detroit Pistons,82,Chicago Bulls,97,Box Score,,18888,United Center,
Sat Oct 23 2021,8:00p,New Orleans Pelicans,89,Minnesota Timberwolves,96,Box Score,,15343,Target Center,
Sat Oct 23 2021,8:30p,Milwaukee Bucks,121,San Antonio Spurs,111,Box Score,,14353,AT&T Center,
Sat Oct 23 2021,10:00p,Phoenix Suns,105,Portland Trail Blazers,134,Box Score,,18558,Moda Center,
Sat Oct 23 2021,10:30p,Memphis Grizzlies,120,Los Angeles Clippers,114,Box Score,,16748,Crypto.com Arena,
Sun Oct 24 2021,4:00p,Charlotte Hornets,111,Brooklyn Nets,95,Box Score,,17732,Barclays Center,
Sun Oct 24 2021,7:00p,Boston Celtics,107,Houston Rockets,97,Box Score,,16069,Toyota Center,
Sun Oct 24 2021,7:00p,Orlando Magic,110,New York Knicks,104,Box Score,,16273,Madison Square Garden (IV),
Sun Oct 24 2021,7:00p,Philadelphia 76ers,115,Oklahoma City Thunder,103,Box Score,,14256,Paycom Center,
Sun Oct 24 2021,9:00p,Golden State Warriors,119,Sacramento Kings,107,Box Score,,13876,Golden 1 Center,
Sun Oct 24 2021,9:30p,Memphis Grizzlies,118,Los Angeles Lakers,121,Box Score,,18997,Crypto.com Arena,
Mon Oct 25 2021,7:00p,Boston Celtics,140,Charlotte Hornets,129,Box Score,OT,17238,Spectrum Center,
Mon Oct 25 2021,7:00p,Milwaukee Bucks,119,Indiana Pacers,109,Box Score,,10339,Gainbridge Fieldhouse,
Mon Oct 25 2021,7:30p,Chicago Bulls,111,Toronto Raptors,108,Box Score,,19800,Scotiabank Arena,
Mon Oct 25 2021,7:30p,Orlando Magic,90,Miami Heat,107,Box Score,,19600,FTX Arena,
Mon Oct 25 2021,7:30p,Washington Wizards,90,Brooklyn Nets,104,Box Score,,14487,Barclays Center,
Mon Oct 25 2021,7:30p,Detroit Pistons,104,Atlanta Hawks,122,Box Score,,14209,State Farm Arena,
Mon Oct 25 2021,8:00p,New Orleans Pelicans,107,Minnesota Timberwolves,98,Box Score,,14435,Target Center,
Mon Oct 25 2021,9:00p,Cleveland Cavaliers,99,Denver Nuggets,87,Box Score,,14221,Ball Arena,
Mon Oct 25 2021,10:30p,Portland Trail Blazers,86,Los Angeles Clippers,116,Box Score,,15672,Crypto.com Arena,
Tue Oct 26 2021,7:30p,Philadelphia 76ers,99,New York Knicks,112,Box Score,,15218,Madison Square Garden (IV),
Tue Oct 26 2021,8:00p,Golden State Warriors,106,Oklahoma City Thunder,98,Box Score,,0,Paycom Center,
Tue Oct 26 2021,8:30p,Los Angeles Lakers,125,San Antonio Spurs,121,Box Score,OT,18354,AT&T Center,
Tue Oct 26 2021,8:30p,Houston Rockets,106,Dallas Mavericks,116,Box Score,,19337,American Airlines Center,
Tue Oct 26 2021,10:00p,Denver Nuggets,110,Utah Jazz,122,Box Score,,18306,Vivint Smart Home Arena,
Wed Oct 27 2021,7:00p,Charlotte Hornets,120,Orlando Magic,111,Box Score,,14082,Amway Center,
Wed Oct 27 2021,7:30p,Washington Wizards,116,Boston Celtics,107,Box Score,,,TD Garden,
Wed Oct 27 2021,7:30p,Miami Heat,106,Brooklyn Nets,93,Box Score,,17732,Barclays Center,
Wed Oct 27 2021,7:30p,Indiana Pacers,100,Toronto Raptors,118,Box Score,,19800,Scotiabank Arena,
Wed Oct 27 2021,7:30p,Atlanta Hawks,102,New Orleans Pelicans,99,Box Score,,15541,Smoothie King Center,
Wed Oct 27 2021,8:00p,Minnesota Timberwolves,113,Milwaukee Bucks,108,Box Score,,17341,Fiserv Forum,
Wed Oct 27 2021,8:00p,Los Angeles Lakers,115,Oklahoma City Thunder,123,Box Score,,15783,Paycom Center,
Wed Oct 27 2021,10:00p,Sacramento Kings,110,Phoenix Suns,107,Box Score,,14678,Phoenix Suns Arena,
Wed Oct 27 2021,10:00p,Memphis Grizzlies,96,Portland Trail Blazers,116,Box Score,,16241,Moda Center,
Wed Oct 27 2021,10:30p,Cleveland Cavaliers,92,Los Angeles Clippers,79,Box Score,,13276,Crypto.com Arena,
Thu Oct 28 2021,7:00p,Atlanta Hawks,111,Washington Wizards,122,Box Score,,13653,Capital One Arena,
Thu Oct 28 2021,7:00p,Detroit Pistons,102,Philadelphia 76ers,110,Box Score,,20017,Wells Fargo Center,
Thu Oct 28 2021,8:00p,Utah Jazz,122,Houston Rockets,91,Box Score,,15858,Toyota Center,
Thu Oct 28 2021,8:00p,New York Knicks,104,Chicago Bulls,103,Box Score,,20972,United Center,
Thu Oct 28 2021,8:30p,San Antonio Spurs,99,Dallas Mavericks,104,Box Score,,19228,American Airlines Center,
Thu Oct 28 2021,10:00p,Memphis Grizzlies,104,Golden State Warriors,101,Box Score,OT,18064,Chase Center,
Fri Oct 29 2021,7:00p,Orlando Magic,109,Toronto Raptors,110,Box Score,,19800,Scotiabank Arena,
Fri Oct 29 2021,7:30p,Charlotte Hornets,99,Miami Heat,114,Box Score,,19600,FTX Arena,
Fri Oct 29 2021,7:30p,Indiana Pacers,98,Brooklyn Nets,105,Box Score,,16139,Barclays Center,
Fri Oct 29 2021,8:00p,Sacramento Kings,113,New Orleans Pelicans,109,Box Score,,17507,Smoothie King Center,
Fri Oct 29 2021,10:00p,Dallas Mavericks,75,Denver Nuggets,106,Box Score,,18315,Ball Arena,
Fri Oct 29 2021,10:00p,Los Angeles Clippers,92,Portland Trail Blazers,111,Box Score,,16510,Moda Center,
Fri Oct 29 2021,10:30p,Cleveland Cavaliers,101,Los Angeles Lakers,113,Box Score,,18997,Crypto.com Arena,
Sat Oct 30 2021,5:00p,Boston Celtics,112,Washington Wizards,115,Box Score,2OT,15813,Capital One Arena,
Sat Oct 30 2021,7:00p,Orlando Magic,103,Detroit Pistons,110,Box Score,,11423,Little Caesars Arena,
Sat Oct 30 2021,7:00p,New York Knicks,123,New Orleans Pelicans,117,Box Score,,16508,Smoothie King Center,
Sat Oct 30 2021,7:30p,Toronto Raptors,97,Indiana Pacers,94,Box Score,,10578,Gainbridge Fieldhouse,
Sat Oct 30 2021,7:30p,Atlanta Hawks,94,Philadelphia 76ers,122,Box Score,,20031,Wells Fargo Center,
Sat Oct 30 2021,8:00p,Utah Jazz,99,Chicago Bulls,107,Box Score,,20668,United Center,
Sat Oct 30 2021,8:00p,Miami Heat,129,Memphis Grizzlies,103,Box Score,,15989,FedEx Forum,
Sat Oct 30 2021,8:00p,San Antonio Spurs,102,Milwaukee Bucks,93,Box Score,,17341,Fiserv Forum,
Sat Oct 30 2021,8:30p,Oklahoma City Thunder,82,Golden State Warriors,103,Box Score,,18064,Chase Center,
Sat Oct 30 2021,9:00p,Denver Nuggets,93,Minnesota Timberwolves,91,Box Score,,17136,Target Center,
Sat Oct 30 2021,10:00p,Cleveland Cavaliers,92,Phoenix Suns,101,Box Score,,14516,Phoenix Suns Arena,
Sun Oct 31 2021,3:30p,Sacramento Kings,99,Dallas Mavericks,105,Box Score,,19231,American Airlines Center,
Sun Oct 31 2021,7:00p,Portland Trail Blazers,113,Charlotte Hornets,125,Box Score,,14960,Spectrum Center,
Sun Oct 31 2021,7:00p,Utah Jazz,107,Milwaukee Bucks,95,Box Score,,17341,Fiserv Forum,
Sun Oct 31 2021,7:30p,Detroit Pistons,91,Brooklyn Nets,117,Box Score,,13507,Barclays Center,
Sun Oct 31 2021,10:30p,Houston Rockets,85,Los Angeles Lakers,95,Box Score,,16448,Crypto.com Arena,
Mon Nov 1 2021,7:00p,Cleveland Cavaliers,113,Charlotte Hornets,110,Box Score,,13889,Spectrum Center,
Mon Nov 1 2021,7:00p,San Antonio Spurs,118,Indiana Pacers,131,Box Score,,10227,Gainbridge Fieldhouse,
Mon Nov 1 2021,7:00p,Portland Trail Blazers,103,Philadelphia 76ers,113,Box Score,,20115,Wells Fargo Center,
Mon Nov 1 2021,7:30p,Washington Wizards,111,Atlanta Hawks,118,Box Score,,14632,State Farm Arena,
Mon Nov 1 2021,7:30p,Chicago Bulls,128,Boston Celtics,114,Box Score,,19156,TD Garden,
Mon Nov 1 2021,7:30p,Toronto Raptors,113,New York Knicks,104,Box Score,,16528,Madison Square Garden (IV),
Mon Nov 1 2021,8:00p,Denver Nuggets,97,Memphis Grizzlies,106,Box Score,,12683,FedEx Forum,
Mon Nov 1 2021,8:00p,Orlando Magic,115,Minnesota Timberwolves,97,Box Score,,14744,Target Center,
Mon Nov 1 2021,10:30p,Oklahoma City Thunder,94,Los Angeles Clippers,99,Box Score,,13722,Crypto.com Arena,
Tue Nov 2 2021,7:00p,Milwaukee Bucks,117,Detroit Pistons,89,Box Score,,9254,Little Caesars Arena,
Tue Nov 2 2021,7:30p,Miami Heat,125,Dallas Mavericks,110,Box Score,,19255,American Airlines Center,
Tue Nov 2 2021,9:00p,Sacramento Kings,113,Utah Jazz,119,Box Score,,18306,Vivint Smart Home Arena,
Tue Nov 2 2021,10:00p,New Orleans Pelicans,100,Phoenix Suns,112,Box Score,,14323,Phoenix Suns Arena,
Tue Nov 2 2021,10:30p,Houston Rockets,117,Los Angeles Lakers,119,Box Score,,18997,Crypto.com Arena,
Wed Nov 3 2021,7:00p,Portland Trail Blazers,104,Cleveland Cavaliers,107,Box Score,,16231,Rocket Mortgage Fieldhouse,
Wed Nov 3 2021,7:00p,New York Knicks,98,Indiana Pacers,111,Box Score,,11607,Gainbridge Fieldhouse,
Wed Nov 3 2021,7:00p,Boston Celtics,92,Orlando Magic,79,Box Score,,12735,Amway Center,
Wed Nov 3 2021,7:00p,Chicago Bulls,98,Philadelphia 76ers,103,Box Score,,20438,Wells Fargo Center,
Wed Nov 3 2021,7:00p,Toronto Raptors,109,Washington Wizards,100,Box Score,,13538,Capital One Arena,
Wed Nov 3 2021,7:30p,Atlanta Hawks,108,Brooklyn Nets,117,Box Score,,17323,Barclays Center,
Wed Nov 3 2021,8:00p,Denver Nuggets,106,Memphis Grizzlies,108,Box Score,,12977,FedEx Forum,
Wed Nov 3 2021,8:00p,Los Angeles Clippers,126,Minnesota Timberwolves,115,Box Score,,15386,Target Center,
Wed Nov 3 2021,8:30p,Dallas Mavericks,109,San Antonio Spurs,108,Box Score,,16356,AT&T Center,
Wed Nov 3 2021,10:00p,Charlotte Hornets,92,Golden State Warriors,114,Box Score,,18064,Chase Center,
Wed Nov 3 2021,10:00p,New Orleans Pelicans,99,Sacramento Kings,112,Box Score,,0,Golden 1 Center,
Thu Nov 4 2021,7:00p,Philadelphia 76ers,109,Detroit Pistons,98,Box Score,,8702,Little Caesars Arena,
Thu Nov 4 2021,7:30p,Utah Jazz,116,Atlanta Hawks,98,Box Score,,16590,State Farm Arena,
Thu Nov 4 2021,7:30p,Boston Celtics,95,Miami Heat,78,Box Score,,19600,FTX Arena,
Thu Nov 4 2021,10:00p,Houston Rockets,111,Phoenix Suns,123,Box Score,,15058,Phoenix Suns Arena,
Thu Nov 4 2021,10:30p,Oklahoma City Thunder,107,Los Angeles Lakers,104,Box Score,,18997,Crypto.com Arena,
Fri Nov 5 2021,7:00p,Brooklyn Nets,96,Detroit Pistons,90,Box Score,,14235,Little Caesars Arena,
Fri Nov 5 2021,7:00p,San Antonio Spurs,102,Orlando Magic,89,Box Score,,14101,Amway Center,
Fri Nov 5 2021,7:00p,Memphis Grizzlies,87,Washington Wizards,115,Box Score,,16302,Capital One Arena,
Fri Nov 5 2021,7:30p,New York Knicks,113,Milwaukee Bucks,98,Box Score,,17341,Fiserv Forum,
Fri Nov 5 2021,7:30p,Cleveland Cavaliers,102,Toronto Raptors,101,Box Score,,19800,Scotiabank Arena,
Fri Nov 5 2021,8:00p,Los Angeles Clippers,104,Minnesota Timberwolves,84,Box Score,,17136,Target Center,
Fri Nov 5 2021,10:00p,New Orleans Pelicans,85,Golden State Warriors,126,Box Score,,18064,Chase Center,
Fri Nov 5 2021,10:00p,Indiana Pacers,106,Portland Trail Blazers,110,Box Score,,16841,Moda Center,
Fri Nov 5 2021,10:00p,Charlotte Hornets,110,Sacramento Kings,140,Box Score,,14905,Golden 1 Center,
Sat Nov 6 2021,5:00p,Houston Rockets,94,Denver Nuggets,95,Box Score,,16046,Ball Arena,
Sat Nov 6 2021,7:30p,Utah Jazz,115,Miami Heat,118,Box Score,,19600,FTX Arena,
Sat Nov 6 2021,8:00p,Philadelphia 76ers,114,Chicago Bulls,105,Box Score,,20936,United Center,
Sat Nov 6 2021,8:30p,Boston Celtics,104,Dallas Mavericks,107,Box Score,,20052,American Airlines Center,
Sat Nov 6 2021,10:00p,Atlanta Hawks,117,Phoenix Suns,121,Box Score,,15412,Phoenix Suns Arena,
Sat Nov 6 2021,10:30p,Los Angeles Lakers,90,Portland Trail Blazers,105,Box Score,,19393,Moda Center,
Sun Nov 7 2021,3:30p,Brooklyn Nets,116,Toronto Raptors,103,Box Score,,19800,Scotiabank Arena,
Sun Nov 7 2021,6:00p,Cleveland Cavaliers,126,New York Knicks,109,Box Score,,19040,Madison Square Garden (IV),
Sun Nov 7 2021,6:00p,Utah Jazz,100,Orlando Magic,107,Box Score,,13386,Amway Center,
Sun Nov 7 2021,6:00p,Indiana Pacers,94,Sacramento Kings,91,Box Score,,12993,Golden 1 Center,
Sun Nov 7 2021,6:00p,Milwaukee Bucks,94,Washington Wizards,101,Box Score,,15570,Capital One Arena,
Sun Nov 7 2021,7:00p,San Antonio Spurs,94,Oklahoma City Thunder,99,Box Score,,12972,Paycom Center,
Sun Nov 7 2021,8:30p,Houston Rockets,107,Golden State Warriors,120,Box Score,,18064,Chase Center,
Sun Nov 7 2021,9:00p,Charlotte Hornets,106,Los Angeles Clippers,120,Box Score,,15781,Crypto.com Arena,
Mon Nov 8 2021,7:00p,New York Knicks,103,Philadelphia 76ers,96,Box Score,,20224,Wells Fargo Center,
Mon Nov 8 2021,8:00p,Brooklyn Nets,95,Chicago Bulls,118,Box Score,,19459,United Center,
Mon Nov 8 2021,8:00p,Minnesota Timberwolves,118,Memphis Grizzlies,125,Box Score,OT,12416,FedEx Forum,
Mon Nov 8 2021,8:30p,New Orleans Pelicans,92,Dallas Mavericks,108,Box Score,,19231,American Airlines Center,
Mon Nov 8 2021,9:00p,Miami Heat,96,Denver Nuggets,113,Box Score,,15577,Ball Arena,
Mon Nov 8 2021,10:00p,Atlanta Hawks,113,Golden State Warriors,127,Box Score,,18064,Chase Center,
Mon Nov 8 2021,10:00p,Phoenix Suns,109,Sacramento Kings,104,Box Score,,13566,Golden 1 Center,
Mon Nov 8 2021,10:30p,Charlotte Hornets,123,Los Angeles Lakers,126,Box Score,OT,18997,Crypto.com Arena,
Tue Nov 9 2021,7:30p,Milwaukee Bucks,118,Philadelphia 76ers,109,Box Score,,20029,Wells Fargo Center,
Tue Nov 9 2021,9:00p,Atlanta Hawks,98,Utah Jazz,110,Box Score,,18306,Vivint Smart Home Arena,
Tue Nov 9 2021,10:00p,Portland Trail Blazers,109,Los Angeles Clippers,117,Box Score,,14131,Crypto.com Arena,
Wed Nov 10 2021,7:00p,Washington Wizards,97,Cleveland Cavaliers,94,Box Score,,18056,Rocket Mortgage Fieldhouse,
Wed Nov 10 2021,7:00p,Brooklyn Nets,123,Orlando Magic,90,Box Score,,13882,Amway Center,
Wed Nov 10 2021,7:30p,Toronto Raptors,88,Boston Celtics,104,Box Score,,19156,TD Garden,
Wed Nov 10 2021,7:30p,Detroit Pistons,112,Houston Rockets,104,Box Score,,15350,Toyota Center,
Wed Nov 10 2021,7:30p,Milwaukee Bucks,112,New York Knicks,100,Box Score,,18027,Madison Square Garden (IV),
Wed Nov 10 2021,8:00p,Dallas Mavericks,107,Chicago Bulls,117,Box Score,,20910,United Center,
Wed Nov 10 2021,8:00p,Charlotte Hornets,118,Memphis Grizzlies,108,Box Score,,13880,FedEx Forum,
Wed Nov 10 2021,8:00p,Oklahoma City Thunder,108,New Orleans Pelicans,100,Box Score,,15355,Smoothie King Center,
Wed Nov 10 2021,8:30p,Sacramento Kings,117,San Antonio Spurs,136,Box Score,,15065,AT&T Center,
Wed Nov 10 2021,9:00p,Indiana Pacers,98,Denver Nuggets,101,Box Score,,15232,Ball Arena,
Wed Nov 10 2021,9:00p,Portland Trail Blazers,109,Phoenix Suns,119,Box Score,,15672,Phoenix Suns Arena,
Wed Nov 10 2021,10:00p,Minnesota Timberwolves,110,Golden State Warriors,123,Box Score,,18064,Chase Center,
Wed Nov 10 2021,10:00p,Miami Heat,117,Los Angeles Lakers,120,Box Score,OT,18997,Crypto.com Arena,
Thu Nov 11 2021,7:00p,Toronto Raptors,115,Philadelphia 76ers,109,Box Score,,20112,Wells Fargo Center,
Thu Nov 11 2021,9:00p,Indiana Pacers,111,Utah Jazz,100,Box Score,,18306,Vivint Smart Home Arena,
Thu Nov 11 2021,10:30p,Miami Heat,109,Los Angeles Clippers,112,Box Score,,16150,Crypto.com Arena,
Fri Nov 12 2021,7:00p,New York Knicks,96,Charlotte Hornets,104,Box Score,,19257,Spectrum Center,
Fri Nov 12 2021,7:30p,Milwaukee Bucks,113,Boston Celtics,122,Box Score,OT,19156,TD Garden,
Fri Nov 12 2021,7:30p,Detroit Pistons,78,Cleveland Cavaliers,98,Box Score,,17095,Rocket Mortgage Fieldhouse,
Fri Nov 12 2021,8:00p,Portland Trail Blazers,104,Houston Rockets,92,Box Score,,15468,Toyota Center,
Fri Nov 12 2021,8:00p,Phoenix Suns,119,Memphis Grizzlies,94,Box Score,,15886,FedEx Forum,
Fri Nov 12 2021,8:00p,Brooklyn Nets,120,New Orleans Pelicans,112,Box Score,,14650,Smoothie King Center,
Fri Nov 12 2021,8:00p,Sacramento Kings,103,Oklahoma City Thunder,105,Box Score,,12881,Paycom Center,
Fri Nov 12 2021,8:30p,Dallas Mavericks,123,San Antonio Spurs,109,Box Score,,13425,AT&T Center,
Fri Nov 12 2021,9:00p,Atlanta Hawks,96,Denver Nuggets,105,Box Score,,16849,Ball Arena,
Fri Nov 12 2021,10:00p,Chicago Bulls,93,Golden State Warriors,119,Box Score,,18064,Chase Center,
Fri Nov 12 2021,10:30p,Minnesota Timberwolves,107,Los Angeles Lakers,83,Box Score,,18997,Crypto.com Arena,
Sat Nov 13 2021,5:00p,Miami Heat,111,Utah Jazz,105,Box Score,,18306,Vivint Smart Home Arena,
Sat Nov 13 2021,7:00p,Philadelphia 76ers,113,Indiana Pacers,118,Box Score,,14483,Gainbridge Fieldhouse,
Sat Nov 13 2021,7:00p,Memphis Grizzlies,101,New Orleans Pelicans,112,Box Score,,14358,Smoothie King Center,
Sat Nov 13 2021,7:00p,Washington Wizards,104,Orlando Magic,92,Box Score,,17272,Amway Center,
Sat Nov 13 2021,7:30p,Detroit Pistons,127,Toronto Raptors,121,Box Score,,19800,Scotiabank Arena,
Sat Nov 13 2021,8:00p,Boston Celtics,89,Cleveland Cavaliers,91,Box Score,,19432,Rocket Mortgage Fieldhouse,
Sat Nov 13 2021,10:30p,Minnesota Timberwolves,102,Los Angeles Clippers,129,Box Score,,15285,Crypto.com Arena,
Sun Nov 14 2021,3:30p,San Antonio Spurs,106,Los Angeles Lakers,114,Box Score,,18997,Crypto.com Arena,
Sun Nov 14 2021,6:00p,Milwaukee Bucks,100,Atlanta Hawks,120,Box Score,,16901,State Farm Arena,
Sun Nov 14 2021,7:00p,Golden State Warriors,102,Charlotte Hornets,106,Box Score,,19559,Spectrum Center,
Sun Nov 14 2021,7:00p,Phoenix Suns,115,Houston Rockets,89,Box Score,,16088,Toyota Center,
Sun Nov 14 2021,7:00p,Brooklyn Nets,120,Oklahoma City Thunder,96,Box Score,,15080,Paycom Center,
Sun Nov 14 2021,8:00p,Portland Trail Blazers,95,Denver Nuggets,124,Box Score,,14583,Ball Arena,
Sun Nov 14 2021,9:30p,Chicago Bulls,100,Los Angeles Clippers,90,Box Score,,17899,Crypto.com Arena,
Mon Nov 15 2021,7:00p,Boston Celtics,98,Cleveland Cavaliers,92,Box Score,,17186,Rocket Mortgage Fieldhouse,
Mon Nov 15 2021,7:00p,Sacramento Kings,129,Detroit Pistons,107,Box Score,,10092,Little Caesars Arena,
Mon Nov 15 2021,7:00p,New Orleans Pelicans,100,Washington Wizards,105,Box Score,,13914,Capital One Arena,
Mon Nov 15 2021,7:30p,Orlando Magic,111,Atlanta Hawks,129,Box Score,,13061,State Farm Arena,
Mon Nov 15 2021,7:30p,Indiana Pacers,84,New York Knicks,92,Box Score,,16792,Madison Square Garden (IV),
Mon Nov 15 2021,8:00p,Denver Nuggets,101,Dallas Mavericks,111,Box Score,,19797,American Airlines Center,
Mon Nov 15 2021,8:00p,Houston Rockets,102,Memphis Grizzlies,136,Box Score,,11482,FedEx Forum,
Mon Nov 15 2021,8:00p,Phoenix Suns,99,Minnesota Timberwolves,96,Box Score,,16274,Target Center,
Mon Nov 15 2021,8:00p,Miami Heat,103,Oklahoma City Thunder,90,Box Score,,12330,Paycom Center,
Mon Nov 15 2021,10:00p,Toronto Raptors,113,Portland Trail Blazers,118,Box Score,,16142,Moda Center,
Mon Nov 15 2021,10:30p,Chicago Bulls,121,Los Angeles Lakers,103,Box Score,,18997,Crypto.com Arena,
Tue Nov 16 2021,7:30p,Golden State Warriors,117,Brooklyn Nets,99,Box Score,,17732,Barclays Center,
Tue Nov 16 2021,10:00p,Philadelphia 76ers,85,Utah Jazz,120,Box Score,,18306,Vivint Smart Home Arena,
Tue Nov 16 2021,10:30p,San Antonio Spurs,92,Los Angeles Clippers,106,Box Score,,13298,Crypto.com Arena,
Wed Nov 17 2021,7:00p,Washington Wizards,87,Charlotte Hornets,97,Box Score,,14402,Spectrum Center,
Wed Nov 17 2021,7:00p,Indiana Pacers,89,Detroit Pistons,97,Box Score,,11457,Little Caesars Arena,
Wed Nov 17 2021,7:30p,Boston Celtics,99,Atlanta Hawks,110,Box Score,,16445,State Farm Arena,
Wed Nov 17 2021,7:30p,Cleveland Cavaliers,99,Brooklyn Nets,109,Box Score,,16922,Barclays Center,
Wed Nov 17 2021,7:30p,New Orleans Pelicans,98,Miami Heat,113,Box Score,,19600,FTX Arena,
Wed Nov 17 2021,7:30p,Los Angeles Lakers,102,Milwaukee Bucks,109,Box Score,,17341,Fiserv Forum,
Wed Nov 17 2021,7:30p,Orlando Magic,104,New York Knicks,98,Box Score,,16680,Madison Square Garden (IV),
Wed Nov 17 2021,8:00p,Sacramento Kings,97,Minnesota Timberwolves,107,Box Score,,13108,Target Center,
Wed Nov 17 2021,8:00p,Houston Rockets,89,Oklahoma City Thunder,101,Box Score,,12066,Paycom Center,
Wed Nov 17 2021,10:00p,Dallas Mavericks,98,Phoenix Suns,105,Box Score,,14838,Phoenix Suns Arena,
Wed Nov 17 2021,10:00p,Chicago Bulls,107,Portland Trail Blazers,112,Box Score,,17492,Moda Center,
Thu Nov 18 2021,7:30p,Golden State Warriors,104,Cleveland Cavaliers,89,Box Score,,19432,Rocket Mortgage Fieldhouse,
Thu Nov 18 2021,7:30p,Washington Wizards,97,Miami Heat,112,Box Score,,19600,FTX Arena,
Thu Nov 18 2021,8:00p,Los Angeles Clippers,108,Memphis Grizzlies,120,Box Score,,13419,FedEx Forum,
Thu Nov 18 2021,8:00p,San Antonio Spurs,90,Minnesota Timberwolves,115,Box Score,,13572,Target Center,
Thu Nov 18 2021,9:00p,Philadelphia 76ers,103,Denver Nuggets,89,Box Score,,14547,Ball Arena,
Thu Nov 18 2021,9:00p,Toronto Raptors,103,Utah Jazz,119,Box Score,,18306,Vivint Smart Home Arena,
Fri Nov 19 2021,7:00p,Indiana Pacers,118,Charlotte Hornets,121,Box Score,,16787,Spectrum Center,
Fri Nov 19 2021,7:00p,Golden State Warriors,105,Detroit Pistons,102,Box Score,,20088,Little Caesars Arena,
Fri Nov 19 2021,7:30p,Los Angeles Lakers,108,Boston Celtics,130,Box Score,,19156,TD Garden,
Fri Nov 19 2021,7:30p,Orlando Magic,113,Brooklyn Nets,115,Box Score,,16966,Barclays Center,
Fri Nov 19 2021,8:00p,Oklahoma City Thunder,89,Milwaukee Bucks,96,Box Score,,17341,Fiserv Forum,
Fri Nov 19 2021,8:00p,Los Angeles Clippers,81,New Orleans Pelicans,94,Box Score,,15274,Smoothie King Center,
Fri Nov 19 2021,9:00p,Chicago Bulls,114,Denver Nuggets,108,Box Score,,19520,Ball Arena,
Fri Nov 19 2021,10:00p,Dallas Mavericks,104,Phoenix Suns,112,Box Score,,17071,Phoenix Suns Arena,
Fri Nov 19 2021,10:00p,Toronto Raptors,108,Sacramento Kings,89,Box Score,,13159,Golden 1 Center,
Sat Nov 20 2021,5:00p,Houston Rockets,99,New York Knicks,106,Box Score,,19812,Madison Square Garden (IV),
Sat Nov 20 2021,7:00p,New Orleans Pelicans,94,Indiana Pacers,111,Box Score,,15081,Gainbridge Fieldhouse,
Sat Nov 20 2021,7:00p,Miami Heat,100,Washington Wizards,103,Box Score,,20476,Capital One Arena,
Sat Nov 20 2021,7:30p,Charlotte Hornets,105,Atlanta Hawks,115,Box Score,,17320,State Farm Arena,
Sat Nov 20 2021,7:30p,Oklahoma City Thunder,105,Boston Celtics,111,Box Score,,19156,TD Garden,
Sat Nov 20 2021,8:00p,Orlando Magic,108,Milwaukee Bucks,117,Box Score,,17341,Fiserv Forum,
Sat Nov 20 2021,8:00p,Memphis Grizzlies,95,Minnesota Timberwolves,138,Box Score,,17136,Target Center,
Sat Nov 20 2021,10:00p,Philadelphia 76ers,111,Portland Trail Blazers,118,Box Score,,17027,Moda Center,
Sat Nov 20 2021,10:00p,Utah Jazz,123,Sacramento Kings,105,Box Score,,13180,Golden 1 Center,
Sun Nov 21 2021,3:30p,Dallas Mavericks,91,Los Angeles Clippers,97,Box Score,,17149,Crypto.com Arena,
Sun Nov 21 2021,6:00p,Los Angeles Lakers,121,Detroit Pistons,116,Box Score,,15532,Little Caesars Arena,
Sun Nov 21 2021,8:00p,New York Knicks,103,Chicago Bulls,109,Box Score,,21813,United Center,
Sun Nov 21 2021,8:00p,Denver Nuggets,97,Phoenix Suns,126,Box Score,,16072,Phoenix Suns Arena,
Sun Nov 21 2021,8:30p,Toronto Raptors,104,Golden State Warriors,119,Box Score,,18064,Chase Center,
Mon Nov 22 2021,7:00p,Brooklyn Nets,117,Cleveland Cavaliers,112,Box Score,,17387,Rocket Mortgage Fieldhouse,
Mon Nov 22 2021,7:00p,Charlotte Hornets,109,Washington Wizards,103,Box Score,,16575,Capital One Arena,
Mon Nov 22 2021,7:30p,Oklahoma City Thunder,101,Atlanta Hawks,113,Box Score,,15806,State Farm Arena,
Mon Nov 22 2021,7:30p,Houston Rockets,90,Boston Celtics,108,Box Score,,19156,TD Garden,
Mon Nov 22 2021,8:00p,Indiana Pacers,109,Chicago Bulls,77,Box Score,,21586,United Center,
Mon Nov 22 2021,8:00p,Orlando Magic,92,Milwaukee Bucks,123,Box Score,,17341,Fiserv Forum,
Mon Nov 22 2021,8:00p,Minnesota Timberwolves,110,New Orleans Pelicans,96,Box Score,,15689,Smoothie King Center,
Mon Nov 22 2021,8:30p,Phoenix Suns,115,San Antonio Spurs,111,Box Score,,14715,AT&T Center,
Mon Nov 22 2021,9:00p,Memphis Grizzlies,119,Utah Jazz,118,Box Score,,18306,Vivint Smart Home Arena,
Mon Nov 22 2021,10:00p,Philadelphia 76ers,102,Sacramento Kings,94,Box Score,,13948,Golden 1 Center,
Tue Nov 23 2021,7:00p,Miami Heat,100,Detroit Pistons,92,Box Score,,13123,Little Caesars Arena,
Tue Nov 23 2021,7:30p,Los Angeles Lakers,100,New York Knicks,106,Box Score,,19812,Madison Square Garden (IV),
Tue Nov 23 2021,10:00p,Denver Nuggets,100,Portland Trail Blazers,119,Box Score,,17052,Moda Center,
Tue Nov 23 2021,10:30p,Dallas Mavericks,112,Los Angeles Clippers,104,Box Score,OT,17067,Crypto.com Arena,
Wed Nov 24 2021,7:00p,Phoenix Suns,120,Cleveland Cavaliers,115,Box Score,,18055,Rocket Mortgage Fieldhouse,
Wed Nov 24 2021,7:00p,Los Angeles Lakers,124,Indiana Pacers,116,Box Score,OT,15572,Gainbridge Fieldhouse,
Wed Nov 24 2021,7:00p,Charlotte Hornets,106,Orlando Magic,99,Box Score,,16114,Amway Center,
Wed Nov 24 2021,7:30p,Brooklyn Nets,123,Boston Celtics,104,Box Score,,19156,TD Garden,
Wed Nov 24 2021,8:00p,Chicago Bulls,113,Houston Rockets,118,Box Score,,16074,Toyota Center,
Wed Nov 24 2021,8:00p,Toronto Raptors,126,Memphis Grizzlies,113,Box Score,,15409,FedEx Forum,
Wed Nov 24 2021,8:00p,Detroit Pistons,93,Milwaukee Bucks,114,Box Score,,17341,Fiserv Forum,
Wed Nov 24 2021,8:00p,Miami Heat,101,Minnesota Timberwolves,113,Box Score,,17136,Target Center,
Wed Nov 24 2021,8:00p,Washington Wizards,102,New Orleans Pelicans,127,Box Score,,14659,Smoothie King Center,
Wed Nov 24 2021,8:00p,Utah Jazz,110,Oklahoma City Thunder,104,Box Score,,14081,Paycom Center,
Wed Nov 24 2021,8:30p,Atlanta Hawks,124,San Antonio Spurs,106,Box Score,,13161,AT&T Center,
Wed Nov 24 2021,10:00p,Philadelphia 76ers,96,Golden State Warriors,116,Box Score,,18064,Chase Center,
Wed Nov 24 2021,10:00p,Portland Trail Blazers,121,Sacramento Kings,125,Box Score,,14997,Golden 1 Center,
Fri Nov 26 2021,3:30p,Detroit Pistons,96,Los Angeles Clippers,107,Box Score,,18139,Crypto.com Arena,
Fri Nov 26 2021,7:00p,Minnesota Timberwolves,115,Charlotte Hornets,133,Box Score,,19314,Spectrum Center,
Fri Nov 26 2021,7:00p,Phoenix Suns,118,New York Knicks,97,Box Score,,19812,Madison Square Garden (IV),
Fri Nov 26 2021,7:00p,Chicago Bulls,123,Orlando Magic,88,Box Score,,18236,Amway Center,
Fri Nov 26 2021,8:00p,Toronto Raptors,97,Indiana Pacers,114,Box Score,,13508,Gainbridge Fieldhouse,
Fri Nov 26 2021,8:00p,Atlanta Hawks,132,Memphis Grizzlies,100,Box Score,,16622,FedEx Forum,
Fri Nov 26 2021,8:00p,Washington Wizards,101,Oklahoma City Thunder,99,Box Score,,14579,Paycom Center,
Fri Nov 26 2021,8:30p,Boston Celtics,88,San Antonio Spurs,96,Box Score,,15360,AT&T Center,
Fri Nov 26 2021,9:00p,Milwaukee Bucks,120,Denver Nuggets,109,Box Score,,19520,Ball Arena,
Fri Nov 26 2021,9:00p,New Orleans Pelicans,98,Utah Jazz,97,Box Score,,18306,Vivint Smart Home Arena,
Fri Nov 26 2021,10:00p,Portland Trail Blazers,103,Golden State Warriors,118,Box Score,,18064,Chase Center,
Fri Nov 26 2021,10:30p,Sacramento Kings,141,Los Angeles Lakers,137,Box Score,3OT,18997,Crypto.com Arena,
Sat Nov 27 2021,6:00p,Minnesota Timberwolves,121,Philadelphia 76ers,120,Box Score,2OT,21011,Wells Fargo Center,
Sat Nov 27 2021,7:30p,New York Knicks,99,Atlanta Hawks,90,Box Score,,17287,State Farm Arena,
Sat Nov 27 2021,7:30p,Phoenix Suns,113,Brooklyn Nets,107,Box Score,,18071,Barclays Center,
Sat Nov 27 2021,8:00p,Miami Heat,107,Chicago Bulls,104,Box Score,,21110,United Center,
Sat Nov 27 2021,8:00p,Orlando Magic,92,Cleveland Cavaliers,105,Box Score,,18248,Rocket Mortgage Fieldhouse,
Sat Nov 27 2021,8:00p,Charlotte Hornets,143,Houston Rockets,146,Box Score,OT,14687,Toyota Center,
Sat Nov 27 2021,8:30p,Washington Wizards,120,Dallas Mavericks,114,Box Score,,20223,American Airlines Center,
Sat Nov 27 2021,9:00p,New Orleans Pelicans,105,Utah Jazz,127,Box Score,,18306,Vivint Smart Home Arena,
Sun Nov 28 2021,3:30p,Golden State Warriors,105,Los Angeles Clippers,90,Box Score,,19068,Crypto.com Arena,
Sun Nov 28 2021,5:00p,Milwaukee Bucks,118,Indiana Pacers,100,Box Score,,13130,Gainbridge Fieldhouse,
Sun Nov 28 2021,6:00p,Sacramento Kings,101,Memphis Grizzlies,128,Box Score,,12844,FedEx Forum,
Sun Nov 28 2021,6:00p,Boston Celtics,109,Toronto Raptors,97,Box Score,,19800,Scotiabank Arena,
Sun Nov 28 2021,9:30p,Detroit Pistons,106,Los Angeles Lakers,110,Box Score,,18997,Crypto.com Arena,
Mon Nov 29 2021,7:00p,Orlando Magic,96,Philadelphia 76ers,101,Box Score,,20193,Wells Fargo Center,
Mon Nov 29 2021,7:30p,Denver Nuggets,120,Miami Heat,111,Box Score,,19600,FTX Arena,
Mon Nov 29 2021,8:00p,Charlotte Hornets,119,Chicago Bulls,133,Box Score,,21366,United Center,
Mon Nov 29 2021,8:00p,Oklahoma City Thunder,89,Houston Rockets,102,Box Score,,12829,Toyota Center,
Mon Nov 29 2021,8:00p,Indiana Pacers,98,Minnesota Timberwolves,100,Box Score,,14191,Target Center,
Mon Nov 29 2021,8:30p,Cleveland Cavaliers,114,Dallas Mavericks,96,Box Score,,19229,American Airlines Center,
Mon Nov 29 2021,8:30p,Washington Wizards,99,San Antonio Spurs,116,Box Score,,12606,AT&T Center,
Mon Nov 29 2021,9:00p,Portland Trail Blazers,107,Utah Jazz,129,Box Score,,18306,Vivint Smart Home Arena,
Mon Nov 29 2021,10:30p,New Orleans Pelicans,123,Los Angeles Clippers,104,Box Score,,15691,Crypto.com Arena,
Tue Nov 30 2021,7:30p,New York Knicks,110,Brooklyn Nets,112,Box Score,,18081,Barclays Center,
Tue Nov 30 2021,7:30p,Memphis Grizzlies,98,Toronto Raptors,91,Box Score,,19800,Scotiabank Arena,
Tue Nov 30 2021,10:00p,Golden State Warriors,96,Phoenix Suns,104,Box Score,,17071,Phoenix Suns Arena,
Tue Nov 30 2021,10:00p,Detroit Pistons,92,Portland Trail Blazers,110,Box Score,,16071,Moda Center,
Tue Nov 30 2021,10:00p,Los Angeles Lakers,117,Sacramento Kings,92,Box Score,,12459,Golden 1 Center,
Wed Dec 1 2021,7:00p,Atlanta Hawks,114,Indiana Pacers,111,Box Score,,12656,Gainbridge Fieldhouse,
Wed Dec 1 2021,7:00p,Denver Nuggets,103,Orlando Magic,108,Box Score,,14191,Amway Center,
Wed Dec 1 2021,7:00p,Minnesota Timberwolves,107,Washington Wizards,115,Box Score,,15318,Capital One Arena,
Wed Dec 1 2021,7:30p,Philadelphia 76ers,87,Boston Celtics,88,Box Score,,19156,TD Garden,
Wed Dec 1 2021,7:30p,Cleveland Cavaliers,111,Miami Heat,85,Box Score,,19600,FTX Arena,
Wed Dec 1 2021,8:00p,Charlotte Hornets,125,Milwaukee Bucks,127,Box Score,,17341,Fiserv Forum,
Wed Dec 1 2021,8:00p,Dallas Mavericks,139,New Orleans Pelicans,107,Box Score,,15558,Smoothie King Center,
Wed Dec 1 2021,8:00p,Houston Rockets,114,Oklahoma City Thunder,110,Box Score,,13222,Paycom Center,
Wed Dec 1 2021,10:30p,Sacramento Kings,124,Los Angeles Clippers,115,Box Score,,17217,Crypto.com Arena,
Thu Dec 2 2021,7:30p,Chicago Bulls,119,New York Knicks,115,Box Score,,19812,Madison Square Garden (IV),
Thu Dec 2 2021,7:30p,Milwaukee Bucks,93,Toronto Raptors,97,Box Score,,19800,Scotiabank Arena,
Thu Dec 2 2021,8:00p,Oklahoma City Thunder,79,Memphis Grizzlies,152,Box Score,,13103,FedEx Forum,
Thu Dec 2 2021,9:00p,Detroit Pistons,103,Phoenix Suns,114,Box Score,,0,Phoenix Suns Arena,
Thu Dec 2 2021,10:00p,San Antonio Spurs,114,Portland Trail Blazers,83,Box Score,,16143,Moda Center,
Fri Dec 3 2021,7:00p,Miami Heat,113,Indiana Pacers,104,Box Score,,13854,Gainbridge Fieldhouse,
Fri Dec 3 2021,7:00p,Cleveland Cavaliers,116,Washington Wizards,101,Box Score,,17227,Capital One Arena,
Fri Dec 3 2021,7:30p,Philadelphia 76ers,98,Atlanta Hawks,96,Box Score,,17092,State Farm Arena,
Fri Dec 3 2021,7:30p,Minnesota Timberwolves,105,Brooklyn Nets,110,Box Score,,17732,Barclays Center,
Fri Dec 3 2021,8:00p,Orlando Magic,116,Houston Rockets,118,Box Score,,13697,Toyota Center,
Fri Dec 3 2021,8:30p,New Orleans Pelicans,107,Dallas Mavericks,91,Box Score,,19218,American Airlines Center,
Fri Dec 3 2021,9:00p,Boston Celtics,130,Utah Jazz,137,Box Score,,18306,Vivint Smart Home Arena,
Fri Dec 3 2021,10:00p,Phoenix Suns,96,Golden State Warriors,118,Box Score,,18064,Chase Center,
Fri Dec 3 2021,10:00p,Los Angeles Clippers,119,Los Angeles Lakers,115,Box Score,,18997,Crypto.com Arena,
Sat Dec 4 2021,1:00p,Denver Nuggets,113,New York Knicks,99,Box Score,,18272,Madison Square Garden (IV),
Sat Dec 4 2021,8:00p,Chicago Bulls,111,Brooklyn Nets,107,Box Score,,18116,Barclays Center,
Sat Dec 4 2021,8:00p,Miami Heat,102,Milwaukee Bucks,124,Box Score,,17341,Fiserv Forum,
Sat Dec 4 2021,8:30p,Memphis Grizzlies,97,Dallas Mavericks,90,Box Score,,19396,American Airlines Center,
Sat Dec 4 2021,8:30p,San Antonio Spurs,112,Golden State Warriors,107,Box Score,,18064,Chase Center,
Sat Dec 4 2021,10:00p,Boston Celtics,145,Portland Trail Blazers,117,Box Score,,18193,Moda Center,
Sat Dec 4 2021,10:00p,Los Angeles Clippers,99,Sacramento Kings,104,Box Score,,15004,Golden 1 Center,
Sun Dec 5 2021,3:30p,Utah Jazz,109,Cleveland Cavaliers,108,Box Score,,18113,Rocket Mortgage Fieldhouse,
Sun Dec 5 2021,6:00p,Charlotte Hornets,130,Atlanta Hawks,127,Box Score,,16383,State Farm Arena,
Sun Dec 5 2021,6:00p,Washington Wizards,90,Toronto Raptors,102,Box Score,,19800,Scotiabank Arena,
Sun Dec 5 2021,7:00p,New Orleans Pelicans,108,Houston Rockets,118,Box Score,,14771,Toyota Center,
Mon Dec 6 2021,7:00p,Philadelphia 76ers,127,Charlotte Hornets,124,Box Score,OT,14462,Spectrum Center,
Mon Dec 6 2021,7:00p,Oklahoma City Thunder,114,Detroit Pistons,103,Box Score,,10522,Little Caesars Arena,
Mon Dec 6 2021,7:00p,Washington Wizards,110,Indiana Pacers,116,Box Score,,12581,Gainbridge Fieldhouse,
Mon Dec 6 2021,7:30p,Memphis Grizzlies,105,Miami Heat,90,Box Score,,19600,FTX Arena,
Mon Dec 6 2021,8:00p,Denver Nuggets,97,Chicago Bulls,109,Box Score,,21236,United Center,
Mon Dec 6 2021,8:00p,Cleveland Cavaliers,104,Milwaukee Bucks,112,Box Score,,17341,Fiserv Forum,
Mon Dec 6 2021,8:00p,Atlanta Hawks,121,Minnesota Timberwolves,110,Box Score,,15736,Target Center,
Mon Dec 6 2021,9:00p,San Antonio Spurs,104,Phoenix Suns,108,Box Score,,15292,Phoenix Suns Arena,
Mon Dec 6 2021,10:00p,Orlando Magic,95,Golden State Warriors,126,Box Score,,18064,Chase Center,
Mon Dec 6 2021,10:00p,Los Angeles Clippers,102,Portland Trail Blazers,90,Box Score,,15865,Moda Center,
Tue Dec 7 2021,7:30p,Brooklyn Nets,102,Dallas Mavericks,99,Box Score,,19559,American Airlines Center,
Tue Dec 7 2021,8:30p,New York Knicks,121,San Antonio Spurs,109,Box Score,,14698,AT&T Center,
Tue Dec 7 2021,10:00p,Boston Celtics,102,Los Angeles Lakers,117,Box Score,,18997,Crypto.com Arena,
Wed Dec 8 2021,7:00p,Philadelphia 76ers,110,Charlotte Hornets,106,Box Score,,15709,Spectrum Center,
Wed Dec 8 2021,7:00p,Chicago Bulls,92,Cleveland Cavaliers,115,Box Score,,17707,Rocket Mortgage Fieldhouse,
Wed Dec 8 2021,7:00p,Washington Wizards,119,Detroit Pistons,116,Box Score,OT,10499,Little Caesars Arena,
Wed Dec 8 2021,7:00p,New York Knicks,102,Indiana Pacers,122,Box Score,,13167,Gainbridge Fieldhouse,
Wed Dec 8 2021,7:30p,Milwaukee Bucks,104,Miami Heat,113,Box Score,,19600,FTX Arena,
Wed Dec 8 2021,7:30p,Oklahoma City Thunder,110,Toronto Raptors,109,Box Score,,19800,Scotiabank Arena,
Wed Dec 8 2021,8:00p,Brooklyn Nets,104,Houston Rockets,114,Box Score,,15834,Toyota Center,
Wed Dec 8 2021,8:00p,Dallas Mavericks,104,Memphis Grizzlies,96,Box Score,,14025,FedEx Forum,
Wed Dec 8 2021,8:00p,Utah Jazz,136,Minnesota Timberwolves,104,Box Score,,15181,Target Center,
Wed Dec 8 2021,8:00p,Denver Nuggets,120,New Orleans Pelicans,114,Box Score,OT,15035,Smoothie King Center,
Wed Dec 8 2021,10:00p,Portland Trail Blazers,94,Golden State Warriors,104,Box Score,,18064,Chase Center,
Wed Dec 8 2021,10:00p,Orlando Magic,130,Sacramento Kings,142,Box Score,,14364,Golden 1 Center,
Wed Dec 8 2021,10:30p,Boston Celtics,111,Los Angeles Clippers,114,Box Score,,17064,Crypto.com Arena,
Thu Dec 9 2021,7:00p,Utah Jazz,118,Philadelphia 76ers,96,Box Score,,20272,Wells Fargo Center,
Thu Dec 9 2021,8:00p,Los Angeles Lakers,95,Memphis Grizzlies,108,Box Score,,16334,FedEx Forum,
Thu Dec 9 2021,8:30p,Denver Nuggets,111,San Antonio Spurs,123,Box Score,,12855,AT&T Center,
Fri Dec 10 2021,7:00p,Sacramento Kings,123,Charlotte Hornets,124,Box Score,,16335,Spectrum Center,
Fri Dec 10 2021,7:00p,Dallas Mavericks,93,Indiana Pacers,106,Box Score,,12618,Gainbridge Fieldhouse,
Fri Dec 10 2021,7:30p,Brooklyn Nets,113,Atlanta Hawks,105,Box Score,,17074,State Farm Arena,
Fri Dec 10 2021,7:30p,New York Knicks,87,Toronto Raptors,90,Box Score,,19800,Scotiabank Arena,
Fri Dec 10 2021,8:00p,Milwaukee Bucks,123,Houston Rockets,114,Box Score,,16319,Toyota Center,
Fri Dec 10 2021,8:00p,Cleveland Cavaliers,123,Minnesota Timberwolves,106,Box Score,,15694,Target Center,
Fri Dec 10 2021,8:00p,Detroit Pistons,93,New Orleans Pelicans,109,Box Score,,15828,Smoothie King Center,
Fri Dec 10 2021,8:00p,Los Angeles Lakers,116,Oklahoma City Thunder,95,Box Score,,16523,Paycom Center,
Fri Dec 10 2021,10:00p,Boston Celtics,90,Phoenix Suns,111,Box Score,,17071,Phoenix Suns Arena,
Sat Dec 11 2021,3:30p,Orlando Magic,104,Los Angeles Clippers,106,Box Score,,17156,Crypto.com Arena,
Sat Dec 11 2021,7:00p,Utah Jazz,123,Washington Wizards,98,Box Score,,17575,Capital One Arena,
Sat Dec 11 2021,8:00p,Sacramento Kings,103,Cleveland Cavaliers,117,Box Score,,19432,Rocket Mortgage Fieldhouse,
Sat Dec 11 2021,8:00p,Houston Rockets,106,Memphis Grizzlies,113,Box Score,,17794,FedEx Forum,
Sat Dec 11 2021,8:00p,Chicago Bulls,92,Miami Heat,118,Box Score,,19731,FTX Arena,
Sat Dec 11 2021,8:30p,Golden State Warriors,93,Philadelphia 76ers,102,Box Score,,21016,Wells Fargo Center,
Sat Dec 11 2021,8:30p,Denver Nuggets,127,San Antonio Spurs,112,Box Score,,14607,AT&T Center,
Sun Dec 12 2021,12:00p,Milwaukee Bucks,112,New York Knicks,97,Box Score,,19812,Madison Square Garden (IV),
Sun Dec 12 2021,6:00p,Brooklyn Nets,116,Detroit Pistons,104,Box Score,,15289,Little Caesars Arena,
Sun Dec 12 2021,7:00p,Dallas Mavericks,103,Oklahoma City Thunder,84,Box Score,,15747,Paycom Center,
Sun Dec 12 2021,7:00p,New Orleans Pelicans,97,San Antonio Spurs,112,Box Score,,14990,AT&T Center,
Sun Dec 12 2021,9:00p,Minnesota Timberwolves,116,Portland Trail Blazers,111,Box Score,,16591,Moda Center,
Sun Dec 12 2021,9:30p,Orlando Magic,94,Los Angeles Lakers,106,Box Score,,18997,Crypto.com Arena,
Mon Dec 13 2021,7:00p,Miami Heat,94,Cleveland Cavaliers,105,Box Score,,17401,Rocket Mortgage Fieldhouse,
Mon Dec 13 2021,7:00p,Golden State Warriors,102,Indiana Pacers,100,Box Score,,17018,Gainbridge Fieldhouse,
Mon Dec 13 2021,7:00p,Sacramento Kings,101,Toronto Raptors,124,Box Score,,19463,Scotiabank Arena,
Mon Dec 13 2021,7:30p,Houston Rockets,132,Atlanta Hawks,126,Box Score,,14456,State Farm Arena,
Mon Dec 13 2021,7:30p,Milwaukee Bucks,103,Boston Celtics,117,Box Score,,19156,TD Garden,
Mon Dec 13 2021,8:00p,Philadelphia 76ers,91,Memphis Grizzlies,126,Box Score,,13420,FedEx Forum,
Mon Dec 13 2021,8:30p,Charlotte Hornets,96,Dallas Mavericks,120,Box Score,,19213,American Airlines Center,
Mon Dec 13 2021,9:00p,Washington Wizards,107,Denver Nuggets,113,Box Score,,14632,Ball Arena,
Mon Dec 13 2021,10:30p,Phoenix Suns,95,Los Angeles Clippers,111,Box Score,,17909,Crypto.com Arena,
Tue Dec 14 2021,7:30p,Toronto Raptors,129,Brooklyn Nets,131,Box Score,OT,17325,Barclays Center,
Tue Dec 14 2021,7:30p,Golden State Warriors,105,New York Knicks,96,Box Score,,19812,Madison Square Garden (IV),
Tue Dec 14 2021,10:00p,Phoenix Suns,111,Portland Trail Blazers,107,Box Score,OT,16184,Moda Center,
Wed Dec 15 2021,7:00p,Houston Rockets,89,Cleveland Cavaliers,124,Box Score,,17131,Rocket Mortgage Fieldhouse,
Wed Dec 15 2021,7:00p,Atlanta Hawks,111,Orlando Magic,99,Box Score,,13576,Amway Center,
Wed Dec 15 2021,7:00p,Miami Heat,101,Philadelphia 76ers,96,Box Score,,20389,Wells Fargo Center,
Wed Dec 15 2021,7:30p,Los Angeles Lakers,107,Dallas Mavericks,104,Box Score,OT,20270,American Airlines Center,
Wed Dec 15 2021,8:00p,Indiana Pacers,99,Milwaukee Bucks,114,Box Score,,17341,Fiserv Forum,
Wed Dec 15 2021,8:00p,New Orleans Pelicans,113,Oklahoma City Thunder,110,Box Score,,13253,Paycom Center,
Wed Dec 15 2021,8:30p,Charlotte Hornets,131,San Antonio Spurs,115,Box Score,,14354,AT&T Center,
Wed Dec 15 2021,9:00p,Minnesota Timberwolves,124,Denver Nuggets,107,Box Score,,15365,Ball Arena,
Wed Dec 15 2021,10:00p,Memphis Grizzlies,113,Portland Trail Blazers,103,Box Score,,15773,Moda Center,
Wed Dec 15 2021,10:00p,Washington Wizards,105,Sacramento Kings,119,Box Score,,13806,Golden 1 Center,
Wed Dec 15 2021,10:00p,Los Angeles Clippers,103,Utah Jazz,124,Box Score,,18306,Vivint Smart Home Arena,
Thu Dec 16 2021,7:00p,Detroit Pistons,113,Indiana Pacers,122,Box Score,,13596,Gainbridge Fieldhouse,
Thu Dec 16 2021,7:30p,Philadelphia 76ers,105,Brooklyn Nets,114,Box Score,,17053,Barclays Center,
Thu Dec 16 2021,8:00p,New York Knicks,116,Houston Rockets,103,Box Score,,13857,Toyota Center,
Thu Dec 16 2021,9:00p,Washington Wizards,98,Phoenix Suns,118,Box Score,,16177,Phoenix Suns Arena,
Fri Dec 17 2021,7:00p,Miami Heat,115,Orlando Magic,105,Box Score,,14103,Amway Center,
Fri Dec 17 2021,7:30p,Denver Nuggets,133,Atlanta Hawks,115,Box Score,,16114,State Farm Arena,
Fri Dec 17 2021,7:30p,Golden State Warriors,111,Boston Celtics,107,Box Score,,19156,TD Garden,
Fri Dec 17 2021,8:00p,Milwaukee Bucks,112,New Orleans Pelicans,116,Box Score,OT,15504,Smoothie King Center,
Fri Dec 17 2021,9:00p,San Antonio Spurs,128,Utah Jazz,126,Box Score,,18306,Vivint Smart Home Arena,
Fri Dec 17 2021,10:00p,Los Angeles Lakers,92,Minnesota Timberwolves,110,Box Score,,17136,Target Center,
Fri Dec 17 2021,10:00p,Charlotte Hornets,116,Portland Trail Blazers,125,Box Score,,18399,Moda Center,
Fri Dec 17 2021,10:00p,Memphis Grizzlies,124,Sacramento Kings,105,Box Score,,14659,Golden 1 Center,
Sat Dec 18 2021,12:00p,Houston Rockets,116,Detroit Pistons,107,Box Score,,13722,Little Caesars Arena,
Sat Dec 18 2021,7:00p,New York Knicks,107,Boston Celtics,114,Box Score,,19156,TD Garden,
Sat Dec 18 2021,7:30p,Orlando Magic,100,Brooklyn Nets,93,Box Score,,16292,Barclays Center,
Sat Dec 18 2021,7:30p,Golden State Warriors,100,Toronto Raptors,119,Box Score,,7988,Scotiabank Arena,
Sat Dec 18 2021,8:00p,Los Angeles Clippers,103,Oklahoma City Thunder,104,Box Score,,15123,Paycom Center,
Sat Dec 18 2021,9:00p,Cleveland Cavaliers,119,Milwaukee Bucks,90,Box Score,,17341,Fiserv Forum,
Sat Dec 18 2021,9:00p,Washington Wizards,109,Utah Jazz,103,Box Score,,18306,Vivint Smart Home Arena,
Sun Dec 19 2021,6:00p,Miami Heat,90,Detroit Pistons,100,Box Score,,15188,Little Caesars Arena,
Sun Dec 19 2021,6:00p,Portland Trail Blazers,105,Memphis Grizzlies,100,Box Score,,15977,FedEx Forum,
Sun Dec 19 2021,6:00p,San Antonio Spurs,114,Sacramento Kings,121,Box Score,,15091,Golden 1 Center,
Sun Dec 19 2021,8:00p,Los Angeles Lakers,110,Chicago Bulls,115,Box Score,,21560,United Center,
Sun Dec 19 2021,8:00p,Dallas Mavericks,105,Minnesota Timberwolves,111,Box Score,,16127,Target Center,
Sun Dec 19 2021,8:00p,Charlotte Hornets,106,Phoenix Suns,137,Box Score,,17071,Phoenix Suns Arena,
Mon Dec 20 2021,7:30p,Philadelphia 76ers,108,Boston Celtics,103,Box Score,,19156,TD Garden,
Mon Dec 20 2021,8:00p,Houston Rockets,118,Chicago Bulls,133,Box Score,,21150,United Center,
Mon Dec 20 2021,8:00p,Oklahoma City Thunder,102,Memphis Grizzlies,99,Box Score,,15721,FedEx Forum,
Mon Dec 20 2021,9:00p,Charlotte Hornets,102,Utah Jazz,112,Box Score,,18306,Vivint Smart Home Arena,
Mon Dec 20 2021,10:00p,Sacramento Kings,98,Golden State Warriors,113,Box Score,,18064,Chase Center,
Mon Dec 20 2021,10:30p,San Antonio Spurs,116,Los Angeles Clippers,92,Box Score,,18096,Crypto.com Arena,
Tue Dec 21 2021,7:30p,Indiana Pacers,96,Miami Heat,125,Box Score,,19600,FTX Arena,
Tue Dec 21 2021,7:30p,Detroit Pistons,91,New York Knicks,105,Box Score,,17906,Madison Square Garden (IV),
Tue Dec 21 2021,8:00p,Portland Trail Blazers,97,New Orleans Pelicans,111,Box Score,,15272,Smoothie King Center,
Tue Dec 21 2021,8:30p,Minnesota Timberwolves,102,Dallas Mavericks,114,Box Score,,20056,American Airlines Center,
Tue Dec 21 2021,10:00p,Phoenix Suns,108,Los Angeles Lakers,90,Box Score,,18997,Crypto.com Arena,
Wed Dec 22 2021,7:30p,Orlando Magic,104,Atlanta Hawks,98,Box Score,,15299,State Farm Arena,
Wed Dec 22 2021,7:30p,Cleveland Cavaliers,101,Boston Celtics,111,Box Score,,19156,TD Garden,
Wed Dec 22 2021,8:00p,Houston Rockets,106,Milwaukee Bucks,126,Box Score,,17341,Fiserv Forum,
Wed Dec 22 2021,8:00p,Denver Nuggets,94,Oklahoma City Thunder,108,Box Score,,14932,Paycom Center,
Wed Dec 22 2021,10:00p,Los Angeles Clippers,105,Sacramento Kings,89,Box Score,,15386,Golden 1 Center,
Thu Dec 23 2021,7:00p,Houston Rockets,106,Indiana Pacers,118,Box Score,,15089,Gainbridge Fieldhouse,
Thu Dec 23 2021,7:00p,New Orleans Pelicans,110,Orlando Magic,104,Box Score,,13954,Amway Center,
Thu Dec 23 2021,7:00p,Atlanta Hawks,98,Philadelphia 76ers,96,Box Score,,20408,Wells Fargo Center,
Thu Dec 23 2021,7:30p,Detroit Pistons,112,Miami Heat,115,Box Score,,19600,FTX Arena,
Thu Dec 23 2021,7:30p,Washington Wizards,124,New York Knicks,117,Box Score,,18208,Madison Square Garden (IV),
Thu Dec 23 2021,8:30p,Milwaukee Bucks,102,Dallas Mavericks,95,Box Score,,19654,American Airlines Center,
Thu Dec 23 2021,9:00p,Charlotte Hornets,115,Denver Nuggets,107,Box Score,,17003,Ball Arena,
Thu Dec 23 2021,9:00p,Oklahoma City Thunder,101,Phoenix Suns,113,Box Score,,17071,Phoenix Suns Arena,
Thu Dec 23 2021,9:00p,Minnesota Timberwolves,116,Utah Jazz,128,Box Score,,18306,Vivint Smart Home Arena,
Thu Dec 23 2021,10:00p,Memphis Grizzlies,104,Golden State Warriors,113,Box Score,,18064,Chase Center,
Thu Dec 23 2021,10:30p,San Antonio Spurs,138,Los Angeles Lakers,110,Box Score,,18997,Crypto.com Arena,
Sat Dec 25 2021,12:00p,Atlanta Hawks,87,New York Knicks,101,Box Score,,19812,Madison Square Garden (IV),
Sat Dec 25 2021,2:30p,Boston Celtics,113,Milwaukee Bucks,117,Box Score,,17341,Fiserv Forum,
Sat Dec 25 2021,5:00p,Golden State Warriors,116,Phoenix Suns,107,Box Score,,17071,Phoenix Suns Arena,
Sat Dec 25 2021,8:00p,Brooklyn Nets,122,Los Angeles Lakers,115,Box Score,,18997,Crypto.com Arena,
Sat Dec 25 2021,10:30p,Dallas Mavericks,116,Utah Jazz,120,Box Score,,18306,Vivint Smart Home Arena,
Sun Dec 26 2021,3:30p,Orlando Magic,83,Miami Heat,93,Box Score,,19600,FTX Arena,
Sun Dec 26 2021,6:00p,Toronto Raptors,99,Cleveland Cavaliers,144,Box Score,,19432,Rocket Mortgage Fieldhouse,
Sun Dec 26 2021,6:00p,Memphis Grizzlies,127,Sacramento Kings,102,Box Score,,15685,Golden 1 Center,
Sun Dec 26 2021,6:00p,Philadelphia 76ers,117,Washington Wizards,96,Box Score,,16767,Capital One Arena,
Sun Dec 26 2021,7:00p,New Orleans Pelicans,112,Oklahoma City Thunder,117,Box Score,,15608,Paycom Center,
Sun Dec 26 2021,7:00p,Detroit Pistons,109,San Antonio Spurs,144,Box Score,,14715,AT&T Center,
Sun Dec 26 2021,8:00p,Indiana Pacers,105,Chicago Bulls,113,Box Score,,20475,United Center,
Sun Dec 26 2021,9:00p,Denver Nuggets,103,Los Angeles Clippers,100,Box Score,,17759,Crypto.com Arena,
Mon Dec 27 2021,7:00p,Houston Rockets,99,Charlotte Hornets,123,Box Score,,19349,Spectrum Center,
Mon Dec 27 2021,7:30p,Chicago Bulls,130,Atlanta Hawks,118,Box Score,,17049,State Farm Arena,
Mon Dec 27 2021,8:00p,Boston Celtics,103,Minnesota Timberwolves,108,Box Score,,15962,Target Center,
Mon Dec 27 2021,8:30p,Utah Jazz,110,San Antonio Spurs,104,Box Score,,16255,AT&T Center,
Mon Dec 27 2021,9:00p,Memphis Grizzlies,114,Phoenix Suns,113,Box Score,,17071,Phoenix Suns Arena,
Mon Dec 27 2021,10:00p,Dallas Mavericks,132,Portland Trail Blazers,117,Box Score,,18430,Moda Center,
Mon Dec 27 2021,10:30p,Brooklyn Nets,124,Los Angeles Clippers,108,Box Score,,17128,Crypto.com Arena,
Tue Dec 28 2021,7:00p,Milwaukee Bucks,127,Orlando Magic,110,Box Score,,16696,Amway Center,
Tue Dec 28 2021,7:30p,Washington Wizards,112,Miami Heat,119,Box Score,,19600,FTX Arena,
Tue Dec 28 2021,7:30p,Philadelphia 76ers,114,Toronto Raptors,109,Box Score,,6960,Scotiabank Arena,
Tue Dec 28 2021,8:00p,Los Angeles Lakers,132,Houston Rockets,123,Box Score,,18104,Toyota Center,
Tue Dec 28 2021,8:00p,New York Knicks,96,Minnesota Timberwolves,88,Box Score,,16339,Target Center,
Tue Dec 28 2021,8:00p,Cleveland Cavaliers,104,New Orleans Pelicans,108,Box Score,,15835,Smoothie King Center,
Tue Dec 28 2021,10:00p,Denver Nuggets,89,Golden State Warriors,86,Box Score,,18064,Chase Center,
Tue Dec 28 2021,10:00p,Oklahoma City Thunder,111,Sacramento Kings,117,Box Score,,14750,Golden 1 Center,
Wed Dec 29 2021,7:00p,New York Knicks,94,Detroit Pistons,85,Box Score,,18312,Little Caesars Arena,
Wed Dec 29 2021,7:00p,Charlotte Hornets,116,Indiana Pacers,108,Box Score,,17608,Gainbridge Fieldhouse,
Wed Dec 29 2021,7:30p,Los Angeles Clippers,91,Boston Celtics,82,Box Score,,19156,TD Garden,
Wed Dec 29 2021,8:00p,Atlanta Hawks,117,Chicago Bulls,131,Box Score,,21372,United Center,
Wed Dec 29 2021,8:00p,Los Angeles Lakers,99,Memphis Grizzlies,104,Box Score,,17794,FedEx Forum,
Wed Dec 29 2021,9:00p,Oklahoma City Thunder,97,Phoenix Suns,115,Box Score,,17071,Phoenix Suns Arena,
Wed Dec 29 2021,10:00p,Utah Jazz,120,Portland Trail Blazers,105,Box Score,,17828,Moda Center,
Wed Dec 29 2021,10:30p,Dallas Mavericks,94,Sacramento Kings,95,Box Score,,16071,Golden 1 Center,
Thu Dec 30 2021,7:00p,Philadelphia 76ers,110,Brooklyn Nets,102,Box Score,,17920,Barclays Center,
Thu Dec 30 2021,7:00p,Milwaukee Bucks,136,Orlando Magic,118,Box Score,,15855,Amway Center,
Thu Dec 30 2021,7:00p,Cleveland Cavaliers,93,Washington Wizards,110,Box Score,,15637,Capital One Arena,
Fri Dec 31 2021,1:00p,Phoenix Suns,108,Boston Celtics,123,Box Score,,19156,TD Garden,
Fri Dec 31 2021,3:00p,Chicago Bulls,108,Indiana Pacers,106,Box Score,,17515,Gainbridge Fieldhouse,
Fri Dec 31 2021,6:00p,Dallas Mavericks,112,Sacramento Kings,96,Box Score,,15833,Golden 1 Center,
Fri Dec 31 2021,7:00p,Miami Heat,120,Houston Rockets,110,Box Score,,16197,Toyota Center,
Fri Dec 31 2021,7:30p,Atlanta Hawks,121,Cleveland Cavaliers,118,Box Score,,17745,Rocket Mortgage Fieldhouse,
Fri Dec 31 2021,7:30p,Los Angeles Clippers,108,Toronto Raptors,116,Box Score,,0,Scotiabank Arena,
Fri Dec 31 2021,8:00p,San Antonio Spurs,105,Memphis Grizzlies,118,Box Score,,15412,FedEx Forum,
Fri Dec 31 2021,8:00p,New York Knicks,80,Oklahoma City Thunder,95,Box Score,,16451,Paycom Center,
Fri Dec 31 2021,9:00p,Minnesota Timberwolves,108,Utah Jazz,120,Box Score,,18306,Vivint Smart Home Arena,
Fri Dec 31 2021,10:30p,Portland Trail Blazers,106,Los Angeles Lakers,139,Box Score,,18997,Crypto.com Arena,
Sat Jan 1 2022,6:30p,New Orleans Pelicans,113,Milwaukee Bucks,136,Box Score,,17341,Fiserv Forum,
Sat Jan 1 2022,7:00p,San Antonio Spurs,116,Detroit Pistons,117,Box Score,OT,18911,Little Caesars Arena,
Sat Jan 1 2022,7:00p,Chicago Bulls,120,Washington Wizards,119,Box Score,,19043,Capital One Arena,
Sat Jan 1 2022,7:30p,Los Angeles Clippers,120,Brooklyn Nets,116,Box Score,,17732,Barclays Center,
Sat Jan 1 2022,8:00p,Denver Nuggets,124,Houston Rockets,111,Box Score,,18055,Toyota Center,
Sat Jan 1 2022,9:00p,Golden State Warriors,123,Utah Jazz,116,Box Score,,18306,Vivint Smart Home Arena,
Sun Jan 2 2022,3:30p,New York Knicks,105,Toronto Raptors,120,Box Score,,0,Scotiabank Arena,
Sun Jan 2 2022,6:00p,Orlando Magic,111,Boston Celtics,116,Box Score,OT,19156,TD Garden,
Sun Jan 2 2022,6:00p,Indiana Pacers,104,Cleveland Cavaliers,108,Box Score,,17808,Rocket Mortgage Fieldhouse,
Sun Jan 2 2022,6:00p,Miami Heat,113,Sacramento Kings,115,Box Score,,13699,Golden 1 Center,
Sun Jan 2 2022,7:00p,Phoenix Suns,133,Charlotte Hornets,99,Box Score,,19088,Spectrum Center,
Sun Jan 2 2022,7:00p,Dallas Mavericks,95,Oklahoma City Thunder,86,Box Score,,14751,Paycom Center,
Sun Jan 2 2022,9:30p,Minnesota Timberwolves,103,Los Angeles Lakers,108,Box Score,,18343,Crypto.com Arena,
Mon Jan 3 2022,7:00p,Houston Rockets,113,Philadelphia 76ers,133,Box Score,,20026,Wells Fargo Center,
Mon Jan 3 2022,7:00p,Charlotte Hornets,121,Washington Wizards,124,Box Score,,8902,Capital One Arena,
Mon Jan 3 2022,7:30p,Memphis Grizzlies,118,Brooklyn Nets,104,Box Score,,17089,Barclays Center,
Mon Jan 3 2022,8:00p,Orlando Magic,98,Chicago Bulls,102,Box Score,,20502,United Center,
Mon Jan 3 2022,8:00p,Detroit Pistons,115,Milwaukee Bucks,106,Box Score,,17341,Fiserv Forum,
Mon Jan 3 2022,8:00p,Utah Jazz,115,New Orleans Pelicans,104,Box Score,,15057,Smoothie King Center,
Mon Jan 3 2022,8:30p,Denver Nuggets,89,Dallas Mavericks,103,Box Score,,19767,American Airlines Center,
Mon Jan 3 2022,10:00p,Miami Heat,108,Golden State Warriors,115,Box Score,,18064,Chase Center,
Mon Jan 3 2022,10:00p,Atlanta Hawks,131,Portland Trail Blazers,136,Box Score,,15091,Moda Center,
Mon Jan 3 2022,10:30p,Minnesota Timberwolves,122,Los Angeles Clippers,104,Box Score,,15959,Crypto.com Arena,
Tue Jan 4 2022,7:00p,Memphis Grizzlies,110,Cleveland Cavaliers,106,Box Score,,18178,Rocket Mortgage Fieldhouse,
Tue Jan 4 2022,7:00p,San Antonio Spurs,104,Toronto Raptors,129,Box Score,,0,Scotiabank Arena,
Tue Jan 4 2022,7:30p,Indiana Pacers,94,New York Knicks,104,Box Score,,18449,Madison Square Garden (IV),
Tue Jan 4 2022,8:00p,Phoenix Suns,123,New Orleans Pelicans,110,Box Score,,15158,Smoothie King Center,
Tue Jan 4 2022,10:30p,Sacramento Kings,114,Los Angeles Lakers,122,Box Score,,17919,Crypto.com Arena,
Wed Jan 5 2022,7:00p,Detroit Pistons,111,Charlotte Hornets,140,Box Score,,14427,Spectrum Center,
Wed Jan 5 2022,7:00p,Philadelphia 76ers,116,Orlando Magic,106,Box Score,,13116,Amway Center,
Wed Jan 5 2022,7:00p,Houston Rockets,114,Washington Wizards,111,Box Score,,13014,Capital One Arena,
Wed Jan 5 2022,7:30p,San Antonio Spurs,99,Boston Celtics,97,Box Score,,19156,TD Garden,
Wed Jan 5 2022,7:30p,Golden State Warriors,82,Dallas Mavericks,99,Box Score,,20441,American Airlines Center,
Wed Jan 5 2022,7:30p,Brooklyn Nets,129,Indiana Pacers,121,Box Score,,14176,Gainbridge Fieldhouse,
Wed Jan 5 2022,8:00p,Toronto Raptors,117,Milwaukee Bucks,111,Box Score,,17341,Fiserv Forum,
Wed Jan 5 2022,8:00p,Oklahoma City Thunder,90,Minnesota Timberwolves,98,Box Score,,14375,Target Center,
Wed Jan 5 2022,10:00p,Utah Jazz,115,Denver Nuggets,109,Box Score,,14056,Ball Arena,
Wed Jan 5 2022,10:00p,Miami Heat,115,Portland Trail Blazers,109,Box Score,,15773,Moda Center,
Wed Jan 5 2022,10:00p,Atlanta Hawks,108,Sacramento Kings,102,Box Score,,13104,Golden 1 Center,
Thu Jan 6 2022,7:30p,Boston Celtics,105,New York Knicks,108,Box Score,,17529,Madison Square Garden (IV),
Thu Jan 6 2022,8:00p,Detroit Pistons,88,Memphis Grizzlies,118,Box Score,,12983,FedEx Forum,
Thu Jan 6 2022,8:00p,Golden State Warriors,96,New Orleans Pelicans,101,Box Score,,15986,Smoothie King Center,
Thu Jan 6 2022,10:00p,Los Angeles Clippers,89,Phoenix Suns,106,Box Score,,17071,Phoenix Suns Arena,
